Title,Media URL,Pinterest board,Thumbnail,Link,Publish date,Description,Keywords
Title,https://res.cloudinary.com/dbcpfy04c/image/upload/v1748060460/pin_1_1_uvkt9a.webp,please-provide-the-title-and-keywords-i-need-that-information-to-suggest-a-board-name-once,,https://www.beacleaner.com/how-to-clean-log-cabin-exterior?utm_source=pinterest&utm_campaign=title,2025-05-24,Description,Keywords
Log Cabin Revival: Exterior Cleaning Guide,https://res.cloudinary.com/dbcpfy04c/image/upload/v1748060467/pin_1_2_oxqpcj.webp,log-cabin-tips,,https://www.beacleaner.com/how-to-clean-log-cabin-exterior?utm_source=pinterest&utm_campaign=log-cabin-revival-ex,2025-05-24,"Dreaming of a sparkling log cabin? ‚ú® This guide breaks down exactly how to clean your log cabin exterior, from prepping the wood to choosing the right cleaning solutions. Don't let grime & mildew steal the beauty of your rustic home! We cover everything from power washing (yes or no!) to stain maintenance.  Protect your investment and enjoy your cabin for years to come. Click to learn the secrets to a beautifully clean exterior!  It's easier than you think!","Log Cabin Cleaning,Exterior Wood Care,Log Home Maintenance,Rustic Home"
Protect Your Log Cabin: Cleaning Tips,https://res.cloudinary.com/dbcpfy04c/image/upload/v1748060475/pin_1_3_ofnkpu.webp,cabin-care-tips,,https://www.beacleaner.com/how-to-clean-log-cabin-exterior?utm_source=pinterest&utm_campaign=protect-your-log-cab,2025-05-24,"Is your log cabin looking dull and weathered? üò©  Don't wait for damage to set in! This post reveals the best practices for cleaning your log cabin exterior, preventing mold, and preserving the natural wood. Learn how to avoid common mistakes that can harm your cabin's structure.  A little effort now saves you big money later!  Get the step-by-step guide and restore your cabin's charm.","Log Cabin Care,Mold Prevention,Wood Preservation,Cabin Exterior"
DIY Log Cabin Wash: Simple & Effective,https://res.cloudinary.com/dbcpfy04c/image/upload/v1748060482/pin_1_4_nz6hpg.webp,home-cleaning-tips,,https://www.beacleaner.com/how-to-clean-log-cabin-exterior?utm_source=pinterest&utm_campaign=diy-log-cabin-wash-s,2025-05-24,"Skip the expensive professionals! üí™ This DIY log cabin exterior cleaning guide gives you all the tools and knowledge to tackle the job yourself. We'll show you how to create a safe and effective cleaning solution, plus the best techniques for removing dirt, algae, and stains.  Enjoy the satisfaction of a beautifully cleaned cabin and save money doing it! Click to learn more!","DIY Cleaning,Log Cabin Wash,Exterior Cleaning,Home Maintenance"
Power Washing Log Cabins: To Wash or Not?,https://res.cloudinary.com/dbcpfy04c/image/upload/v1748060489/pin_1_5_unqayk.webp,log-cabin-tips,,https://www.beacleaner.com/how-to-clean-log-cabin-exterior?utm_source=pinterest&utm_campaign=power-washing-log-ca,2025-05-24,"Thinking about power washing your log cabin? ü§î  It's a common question! This post dives deep into the pros and cons of power washing log cabins, and offers safer, more effective alternatives.  Protect your investment and avoid damaging your wood.  Learn the right techniques for a gentle yet thorough clean.  Don't risk it ‚Äì read this first!","Power Washing,Log Cabin Damage,Gentle Cleaning,Wood Care"
Log Cabin Staining After Cleaning,https://res.cloudinary.com/dbcpfy04c/image/upload/v1748060499/pin_1_6_z57pcf.webp,cabin-maintenance-tips,,https://www.beacleaner.com/how-to-clean-log-cabin-exterior?utm_source=pinterest&utm_campaign=log-cabin-staining-a,2025-05-24,"Just cleaned your log cabin? ü§© Don't forget the staining! This guide explains why staining is crucial for protecting your log cabin exterior and keeping it looking its best. We'll cover choosing the right stain, application techniques, and maintenance tips.  Keep your cabin beautiful for generations to come! Click to learn more.","Log Cabin Staining,Wood Protection,Exterior Stain,Cabin Maintenance"
Remove Mold From Log Cabins: A Guide,https://res.cloudinary.com/dbcpfy04c/image/upload/v1748060505/pin_1_7_vmoeff.webp,log-cabin-tips,,https://www.beacleaner.com/how-to-clean-log-cabin-exterior?utm_source=pinterest&utm_campaign=remove-mold-from-log,2025-05-24,"Worried about mold on your log cabin? ü¶† This post provides a comprehensive guide to removing mold and mildew from your log cabin exterior.  We'll show you how to identify the problem, choose the right cleaning solutions, and prevent future growth.  Protect your health and your home!  Click for a mold-free cabin!","Mold Removal,Mildew Cleaning,Log Cabin Health,Exterior Mold"
Log Cabin Exterior: Before & After,https://res.cloudinary.com/dbcpfy04c/image/upload/v1748060512/pin_1_8_vgwjq5.webp,cabin-inspiration,,https://www.beacleaner.com/how-to-clean-log-cabin-exterior?utm_source=pinterest&utm_campaign=log-cabin-exterior-b,2025-05-24,See the amazing transformation! ‚ú® This post features stunning before & after photos of log cabin exterior cleanings.  Get inspired and learn how to achieve similar results on your own cabin.  We'll share the secrets to a sparkling clean exterior and a beautifully restored rustic home.  Click to see the incredible results!,"Before and After,Log Cabin Transformation,Exterior Cleaning Results,Rustic Home Inspiration"
Best Cleaners for Log Cabin Exteriors,https://res.cloudinary.com/dbcpfy04c/image/upload/v1748060520/pin_1_9_ewswqw.webp,log-cabin-tips,,https://www.beacleaner.com/how-to-clean-log-cabin-exterior?utm_source=pinterest&utm_campaign=best-cleaners-for-lo,2025-05-24,"Choosing the right cleaner is key! üîë This post reviews the best cleaners for log cabin exteriors, considering factors like wood type, stain, and environmental impact.  We'll help you find a safe and effective solution that will leave your cabin looking its best.  Don't guess ‚Äì choose wisely!","Log Cabin Cleaners,Wood Cleaning Solutions,Exterior Wood Wash,Safe Cleaning"
Log Cabin Maintenance Checklist,https://res.cloudinary.com/dbcpfy04c/image/upload/v1748060526/pin_1_10_olutus.webp,cabin-care-tips,,https://www.beacleaner.com/how-to-clean-log-cabin-exterior?utm_source=pinterest&utm_campaign=log-cabin-maintenanc,2025-05-24,"Stay on top of cabin care! ‚úÖ This printable log cabin exterior maintenance checklist will help you keep your cabin looking its best year-round.  We'll cover cleaning, staining, and preventative measures to protect your investment.  Download the checklist and enjoy a worry-free cabin life!","Log Cabin Checklist,Maintenance Schedule,Cabin Care Tips,Preventative Maintenance"
Log Cabin Cleaning: A Seasonal Guide,https://res.cloudinary.com/dbcpfy04c/image/upload/v1748060534/pin_1_11_hbyswk.webp,cabin-cleaning-tips,,https://www.beacleaner.com/how-to-clean-log-cabin-exterior?utm_source=pinterest&utm_campaign=log-cabin-cleaning-a,2025-05-24,"Cleaning your log cabin doesn't have to be a chore! üóìÔ∏è This seasonal guide breaks down the best times to clean your log cabin exterior, and what tasks to prioritize.  We'll help you stay ahead of the grime and keep your cabin looking its best all year long.  Click to learn the seasonal secrets!","Seasonal Cleaning,Log Cabin Schedule,Exterior Maintenance,Year-Round Care"
Log Cabin Wood Types & Cleaning,https://res.cloudinary.com/dbcpfy04c/image/upload/v1748060542/pin_1_12_eiislg.webp,log-cabin-tips,,https://www.beacleaner.com/how-to-clean-log-cabin-exterior?utm_source=pinterest&utm_campaign=log-cabin-wood-types,2025-05-24,"Different wood, different care! ü™µ This post explains how to clean different types of log cabin wood, including pine, cedar, and spruce.  We'll help you choose the right cleaning solutions and techniques for your specific wood type.  Protect your cabin's unique beauty!","Log Cabin Wood,Wood Cleaning,Pine Cleaning,Cedar Care"
Log Cabin Stain Refresh: Step-by-Step,https://res.cloudinary.com/dbcpfy04c/image/upload/v1748060548/pin_1_13_dzrtoa.webp,cabin-maintenance-tips,,https://www.beacleaner.com/how-to-clean-log-cabin-exterior?utm_source=pinterest&utm_campaign=log-cabin-stain-refr,2025-05-24,"Is your cabin stain fading? üé® This step-by-step guide shows you how to refresh your log cabin stain and restore its vibrant color.  We'll cover prepping the wood, applying the stain, and sealing for long-lasting protection.  Give your cabin a new lease on life!","Log Cabin Stain,Stain Refresh,Exterior Wood Stain,Cabin Restoration"
Log Cabin Cleaning Tools You Need,https://res.cloudinary.com/dbcpfy04c/image/upload/v1748060554/pin_1_14_ots1l5.webp,cabin-cleaning-tips,,https://www.beacleaner.com/how-to-clean-log-cabin-exterior?utm_source=pinterest&utm_campaign=log-cabin-cleaning-t,2025-05-24,"Get equipped! üõ†Ô∏è This post lists the essential tools you'll need to clean your log cabin exterior.  From brushes and sprayers to cleaning solutions and safety gear, we've got you covered.  Make the job easier and more efficient!","Log Cabin Tools,Cleaning Supplies,Exterior Cleaning Kit,Cabin Maintenance Tools"
Log Cabin Cleaning: Avoiding Damage,https://res.cloudinary.com/dbcpfy04c/image/upload/v1748060560/pin_1_15_tjyhrf.webp,cabin-cleaning-tips,,https://www.beacleaner.com/how-to-clean-log-cabin-exterior?utm_source=pinterest&utm_campaign=log-cabin-cleaning-a,2025-05-24,"Protect your investment! üõ°Ô∏è This post highlights common mistakes to avoid when cleaning your log cabin exterior.  We'll show you how to prevent damage to the wood, stain, and surrounding landscape.  Clean with confidence!","Log Cabin Damage,Cleaning Mistakes,Wood Protection,Exterior Care"
Log Cabin Exterior: Deep Cleaning Secrets,https://res.cloudinary.com/dbcpfy04c/image/upload/v1748060566/pin_1_16_lnfpmm.webp,cabin-inspiration,,https://www.beacleaner.com/how-to-clean-log-cabin-exterior?utm_source=pinterest&utm_campaign=log-cabin-exterior-d,2025-05-24,"Unlock the secrets to a truly clean cabin! ü§´ This post reveals advanced techniques for deep cleaning your log cabin exterior, removing stubborn stains and restoring the wood's natural beauty.  Go beyond the basics and achieve professional results!","Deep Cleaning,Log Cabin Secrets,Exterior Wood Restoration,Advanced Cleaning"
Log Cabin Cleaning: Eco-Friendly Options,https://res.cloudinary.com/dbcpfy04c/image/upload/v1748060572/pin_1_17_zaex6t.webp,cabin-cleaning-tips,,https://www.beacleaner.com/how-to-clean-log-cabin-exterior?utm_source=pinterest&utm_campaign=log-cabin-cleaning-e,2025-05-24,"Go green! üåø This post explores eco-friendly cleaning options for your log cabin exterior.  We'll show you how to clean your cabin without harsh chemicals, protecting the environment and your family's health.","Eco-Friendly Cleaning,Green Cleaning,Log Cabin Sustainability,Natural Cleaning"
Log Cabin Cleaning: Dealing with Algae,https://res.cloudinary.com/dbcpfy04c/image/upload/v1748060578/pin_1_18_d5xytq.webp,cabin-cleaning-tips,,https://www.beacleaner.com/how-to-clean-log-cabin-exterior?utm_source=pinterest&utm_campaign=log-cabin-cleaning-d,2025-05-24,Battling algae on your cabin? ü¶† This post provides effective solutions for removing algae from your log cabin exterior and preventing its return.  Restore your cabin's beauty and protect its structure.,"Algae Removal,Log Cabin Cleaning,Exterior Algae,Wood Protection"
Log Cabin Cleaning: The Ultimate Guide,https://res.cloudinary.com/dbcpfy04c/image/upload/v1748060585/pin_1_19_rhyiml.webp,cabin-cleaning-tips,,https://www.beacleaner.com/how-to-clean-log-cabin-exterior?utm_source=pinterest&utm_campaign=log-cabin-cleaning-t,2025-05-24,"Your complete resource! üìö This is the ultimate guide to cleaning your log cabin exterior, covering everything from preparation to maintenance.  Get all the information you need in one place!","Ultimate Guide,Log Cabin Cleaning,Exterior Maintenance,Complete Resource"
Log Cabin Cleaning: Save Time & Money,https://res.cloudinary.com/dbcpfy04c/image/upload/v1748060591/pin_1_20_qj5rgx.webp,cabin-cleaning-tips,,https://www.beacleaner.com/how-to-clean-log-cabin-exterior?utm_source=pinterest&utm_campaign=log-cabin-cleaning-s,2025-05-24,"Work smarter, not harder! ‚è∞ This post shares time-saving tips and money-saving strategies for cleaning your log cabin exterior.  Get a sparkling clean cabin without breaking the bank.","Time Saving Tips,Money Saving,Log Cabin Cleaning,Efficient Cleaning"
Log Cabin Cleaning: Preventative Measures,https://res.cloudinary.com/dbcpfy04c/image/upload/v1748060597/pin_1_21_jpeocx.webp,cabin-cleaning-tips,,https://www.beacleaner.com/how-to-clean-log-cabin-exterior?utm_source=pinterest&utm_campaign=log-cabin-cleaning-p,2025-05-24,Stop dirt before it starts! üõë This post focuses on preventative measures you can take to keep your log cabin exterior clean and protected.  Reduce the need for frequent cleaning and enjoy a beautiful cabin for years to come.,"Preventative Measures,Log Cabin Care,Exterior Protection,Maintenance Tips"
Log Cabin Cleaning: Stain Maintenance,https://res.cloudinary.com/dbcpfy04c/image/upload/v1748060603/pin_1_22_lfjxmx.webp,cabin-cleaning-tips,,https://www.beacleaner.com/how-to-clean-log-cabin-exterior?utm_source=pinterest&utm_campaign=log-cabin-cleaning-s,2025-05-24,Keep your stain looking fresh! ‚ú® This post provides tips for maintaining your log cabin stain and extending its lifespan.  Protect your investment and avoid costly restaining projects.,"Stain Maintenance,Log Cabin Stain,Exterior Wood Care,Cabin Protection"
Log Cabin Cleaning: Inspecting for Damage,https://res.cloudinary.com/dbcpfy04c/image/upload/v1748060610/pin_1_23_tpkfu9.webp,cabin-cleaning-tips,,https://www.beacleaner.com/how-to-clean-log-cabin-exterior?utm_source=pinterest&utm_campaign=log-cabin-cleaning-i,2025-05-24,"Don't ignore the signs! üëÄ This post explains how to inspect your log cabin exterior for damage during cleaning, and what to do if you find any problems.","Damage Inspection,Log Cabin Repair,Exterior Wood Check,Cabin Safety"
Log Cabin Cleaning: Cleaning Around Landscaping,https://res.cloudinary.com/dbcpfy04c/image/upload/v1748060616/pin_1_24_nbd6hl.webp,cabin-cleaning-tips,,https://www.beacleaner.com/how-to-clean-log-cabin-exterior?utm_source=pinterest&utm_campaign=log-cabin-cleaning-c,2025-05-24,Protect your plants! üå∏ This post offers advice on cleaning your log cabin exterior without harming your landscaping.,"Landscaping Protection,Log Cabin Cleaning,Exterior Care,Garden Friendly"
Log Cabin Cleaning: The Right Brushes,https://res.cloudinary.com/dbcpfy04c/image/upload/v1748060622/pin_1_25_rhu5bi.webp,cabin-cleaning-tips,,https://www.beacleaner.com/how-to-clean-log-cabin-exterior?utm_source=pinterest&utm_campaign=log-cabin-cleaning-t,2025-05-24,Brush up on your knowledge! üñåÔ∏è This post details the best brushes for cleaning different areas of your log cabin exterior.,"Cleaning Brushes,Log Cabin Tools,Exterior Wood Care,Brush Guide"
Log Cabin Cleaning: A Checklist for Success,https://res.cloudinary.com/dbcpfy04c/image/upload/v1748060629/pin_1_26_xbxths.webp,cabin-cleaning-tips,,https://www.beacleaner.com/how-to-clean-log-cabin-exterior?utm_source=pinterest&utm_campaign=log-cabin-cleaning-a,2025-05-24,"Ensure a thorough clean! ‚úÖ This checklist will guide you through every step of cleaning your log cabin exterior, ensuring you don't miss a thing.","Cleaning Checklist,Log Cabin Maintenance,Exterior Cleaning,Step-by-Step Guide"
Title,https://res.cloudinary.com/dbcpfy04c/image/upload/v1748060673/pin_2_1_oqp8fc.webp,please-provide-the-title-and-keywords-i-need-that-information-to-suggest-a-board-name-once,,https://www.beacleaner.com/how-to-clean-louis-vuitton-vachetta-leather?utm_source=pinterest&utm_campaign=title,2025-05-24,Description,Keywords
Save Your LV Vachetta! ‚ú®,https://res.cloudinary.com/dbcpfy04c/image/upload/v1748060680/pin_2_2_brtful.webp,leather-care-tips,,https://www.beacleaner.com/how-to-clean-louis-vuitton-vachetta-leather?utm_source=pinterest&utm_campaign=save-your-lv-vachett,2025-05-24,Is your beloved Louis Vuitton bag looking dull or stained? Don't panic! This guide reveals the secrets to gently cleaning and restoring your Vachetta leather,bringing back its beautiful patina. Learn the do's and don'ts
Vachetta Leather Cleaning 101,https://res.cloudinary.com/dbcpfy04c/image/upload/v1748060687/pin_2_3_gzrhww.webp,leather-care-tips,,https://www.beacleaner.com/how-to-clean-louis-vuitton-vachetta-leather?utm_source=pinterest&utm_campaign=vachetta-leather-cle,2025-05-24,Worried about water stains or discoloration on your Louis Vuitton Vachetta leather? You're not alone! This post breaks down everything you need to know about caring for this delicate material. From preventing damage to tackling existing stains,we've got you covered. Don't let a little dirt ruin your investment ‚Äì learn how to keep your LV looking pristine! Click to read the full guide. #LVCleaning #VachettaCare #LeatherStainRemoval #HandbagCare
DIY Vachetta Leather Cleaner,https://res.cloudinary.com/dbcpfy04c/image/upload/v1748060693/pin_2_4_m5vxjx.webp,leather-care-tips,,https://www.beacleaner.com/how-to-clean-louis-vuitton-vachetta-leather?utm_source=pinterest&utm_campaign=diy-vachetta-leather,2025-05-24,Skip the expensive professional cleaning! This blog post shows you how to create a gentle,effective Vachetta leather cleaner using ingredients you likely already have at home. Restore your Louis Vuitton bag's natural beauty and save money. It's easier than you think! Click to learn the simple steps and keep your bag looking fabulous. #DIYCleaning #VachettaRestoration #LouisVuittonCare #LeatherDIY
Protect Your LV Investment!,https://res.cloudinary.com/dbcpfy04c/image/upload/v1748060699/pin_2_5_vdxghl.webp,luxury-care-tips,,https://www.beacleaner.com/how-to-clean-louis-vuitton-vachetta-leather?utm_source=pinterest&utm_campaign=protect-your-lv-inve,2025-05-24,Your Louis Vuitton bag is a statement piece ‚Äì protect it! This guide focuses on preventative care for Vachetta leather,helping you avoid stains and damage in the first place. Learn about proper storage
Water Stains on LV? Fix It!,https://res.cloudinary.com/dbcpfy04c/image/upload/v1748060709/pin_2_6_rbfvjf.webp,leather-care-tips,,https://www.beacleaner.com/how-to-clean-louis-vuitton-vachetta-leather?utm_source=pinterest&utm_campaign=water-stains-on-lv-f,2025-05-24,Water stains on your Vachetta leather are a common problem,but they're not permanent! This post provides a step-by-step guide to removing water stains and restoring your Louis Vuitton bag's original color. Don't let water ruin your style ‚Äì learn how to fix it quickly and easily. Click for the solution! #WaterStainRemoval #LVRepair #VachettaLeatherCare #HandbagRestoration
The Ultimate Vachetta Guide,https://res.cloudinary.com/dbcpfy04c/image/upload/v1748060716/pin_2_7_ggzjg2.webp,leather-care-tips,,https://www.beacleaner.com/how-to-clean-louis-vuitton-vachetta-leather?utm_source=pinterest&utm_campaign=the-ultimate-vachett,2025-05-24,Everything you need to know about Louis Vuitton Vachetta leather is right here! This comprehensive guide covers cleaning,conditioning
Vachetta Leather: Do's & Don'ts,https://res.cloudinary.com/dbcpfy04c/image/upload/v1748060722/pin_2_8_fd8dub.webp,leather-care-tips,,https://www.beacleaner.com/how-to-clean-louis-vuitton-vachetta-leather?utm_source=pinterest&utm_campaign=vachetta-leather-dos,2025-05-24,Confused about how to care for your Louis Vuitton Vachetta leather? This post clearly outlines the do's and don'ts,helping you avoid common mistakes that can damage your bag. Protect your investment and keep your LV looking its best. Knowledge is power ‚Äì click to learn more! #VachettaDoAndDont #LVLeather #HandbagTips #LeatherCare101
Restore Vachetta Patina ‚ú®,https://res.cloudinary.com/dbcpfy04c/image/upload/v1748060728/pin_2_9_w4c40y.webp,leather-care-tips,,https://www.beacleaner.com/how-to-clean-louis-vuitton-vachetta-leather?utm_source=pinterest&utm_campaign=restore-vachetta-pat,2025-05-24,Love the natural patina of Vachetta leather? This post shows you how to encourage and maintain a beautiful,even patina on your Louis Vuitton bag. Learn how to gently clean and condition your leather to enhance its natural beauty. Embrace the aging process ‚Äì a well-loved bag tells a story! Click to learn how. #VachettaPatina #LeatherAging #LouisVuittonLove #HandbagStyle
Is Vachetta Leather Waterproof?,https://res.cloudinary.com/dbcpfy04c/image/upload/v1748060735/pin_2_10_spltbx.webp,leather-care-tips,,https://www.beacleaner.com/how-to-clean-louis-vuitton-vachetta-leather?utm_source=pinterest&utm_campaign=is-vachetta-leather-,2025-05-24,Find out if Vachetta leather is waterproof and learn how to protect your Louis Vuitton bag from the elements. This post explains the best ways to shield your bag from rain,spills
Cleaning Dark Vachetta Leather,https://res.cloudinary.com/dbcpfy04c/image/upload/v1748060743/pin_2_11_l1o8yt.webp,leather-care-tips,,https://www.beacleaner.com/how-to-clean-louis-vuitton-vachetta-leather?utm_source=pinterest&utm_campaign=cleaning-dark-vachet,2025-05-24,Dark Vachetta leather requires special care. This post provides specific instructions for cleaning and maintaining darker shades of Vachetta,ensuring you don't damage the color or finish. Keep your LV looking rich and luxurious ‚Äì click to learn the secrets! #DarkVachetta #LVCleaningTips #LeatherColorCare #HandbagDetail
Removing Ink Stains from LV,https://res.cloudinary.com/dbcpfy04c/image/upload/v1748060749/pin_2_12_jzpx97.webp,leather-care-tips,,https://www.beacleaner.com/how-to-clean-louis-vuitton-vachetta-leather?utm_source=pinterest&utm_campaign=removing-ink-stains-,2025-05-24,Ink stains on your Vachetta leather? Don't despair! This post offers a guide to removing ink stains from your Louis Vuitton bag,minimizing damage and restoring its appearance. Act fast ‚Äì the sooner you treat the stain
Vachetta Leather: A Closer Look,https://res.cloudinary.com/dbcpfy04c/image/upload/v1748060755/pin_2_13_zxd2lo.webp,leather-care-tips,,https://www.beacleaner.com/how-to-clean-louis-vuitton-vachetta-leather?utm_source=pinterest&utm_campaign=vachetta-leather-a-c,2025-05-24,Dive deep into the world of Vachetta leather! This post explores the origins,characteristics
The Best Products for Vachetta,https://res.cloudinary.com/dbcpfy04c/image/upload/v1748060762/pin_2_14_radw34.webp,leather-care-tips,,https://www.beacleaner.com/how-to-clean-louis-vuitton-vachetta-leather?utm_source=pinterest&utm_campaign=the-best-products-fo,2025-05-24,Not all cleaning products are created equal! This post recommends the best products for cleaning,conditioning
Louis Vuitton Care Routine,https://res.cloudinary.com/dbcpfy04c/image/upload/v1748060770/pin_2_15_ztmh6q.webp,leather-care-tips,,https://www.beacleaner.com/how-to-clean-louis-vuitton-vachetta-leather?utm_source=pinterest&utm_campaign=louis-vuitton-care-r,2025-05-24,Establish a simple,effective care routine for your Louis Vuitton bag. This post outlines the steps you should take to keep your Vachetta leather looking its best
Vachetta Leather: Common Mistakes,https://res.cloudinary.com/dbcpfy04c/image/upload/v1748060776/pin_2_16_tfubto.webp,leather-care-tips,,https://www.beacleaner.com/how-to-clean-louis-vuitton-vachetta-leather?utm_source=pinterest&utm_campaign=vachetta-leather-com,2025-05-24,Avoid these common mistakes when caring for Vachetta leather! This post highlights the pitfalls to avoid,helping you protect your Louis Vuitton bag from damage. Learn from others' errors and keep your bag looking flawless. Click to read the cautionary tale! #VachettaMistakes #LVLeatherCare #HandbagErrors #LeatherTips
Cleaning Vachetta Handles,https://res.cloudinary.com/dbcpfy04c/image/upload/v1748060782/pin_2_17_gcmlao.webp,leather-care-tips,,https://www.beacleaner.com/how-to-clean-louis-vuitton-vachetta-leather?utm_source=pinterest&utm_campaign=cleaning-vachetta-ha,2025-05-24,Your Louis Vuitton bag's handles get the most wear and tear. This post focuses on cleaning and conditioning Vachetta leather handles,restoring their grip and appearance. Keep your bag comfortable and stylish ‚Äì click to learn the techniques! #VachettaHandles #LVHandleCare #LeatherGrip #HandbagComfort
Vachetta Leather: Long-Term Care,https://res.cloudinary.com/dbcpfy04c/image/upload/v1748060791/pin_2_18_l8fijg.webp,leather-care-tips,,https://www.beacleaner.com/how-to-clean-louis-vuitton-vachetta-leather?utm_source=pinterest&utm_campaign=vachetta-leather-lon,2025-05-24,Planning for the long haul? This post provides advice on long-term care for Vachetta leather,ensuring your Louis Vuitton bag remains beautiful for years to come. Invest in your bag's future ‚Äì click to learn the secrets to longevity! #VachettaLongTermCare #LVInvestment #LeatherLongevity #HandbagFuture
Vachetta Leather: Spot Cleaning,https://res.cloudinary.com/dbcpfy04c/image/upload/v1748060796/pin_2_19_mpf1d0.webp,leather-care-tips,,https://www.beacleaner.com/how-to-clean-louis-vuitton-vachetta-leather?utm_source=pinterest&utm_campaign=vachetta-leather-spo,2025-05-24,Quick clean-up needed? This post shows you how to spot clean Vachetta leather,tackling minor stains and marks before they become permanent. Be prepared for anything ‚Äì click to learn the quick fix! #VachettaSpotCleaning #LVQuickClean #LeatherStainRemoval #HandbagEmergency
Vachetta Leather: Reviving Dullness,https://res.cloudinary.com/dbcpfy04c/image/upload/v1748060803/pin_2_20_qrk4h8.webp,leather-care-tips,,https://www.beacleaner.com/how-to-clean-louis-vuitton-vachetta-leather?utm_source=pinterest&utm_campaign=vachetta-leather-rev,2025-05-24,Is your Vachetta leather looking dull and lifeless? This post offers solutions for reviving its natural beauty,restoring its color and luster. Bring your bag back to life ‚Äì click to learn the revitalizing techniques! #VachettaRevival #LVLeatherRestore #LeatherLuster #HandbagRefresh
Louis Vuitton,https://res.cloudinary.com/dbcpfy04c/image/upload/v1748060809/pin_2_21_jwcrda.webp,leather-care-tips,,https://www.beacleaner.com/how-to-clean-louis-vuitton-vachetta-leather?utm_source=pinterest&utm_campaign=louis-vuitton,2025-05-24,Vachetta Leather,Leather Care
Title,https://res.cloudinary.com/dbcpfy04c/image/upload/v1748060852/pin_3_1_wbkghl.webp,please-provide-the-title-and-keywords-i-need-that-information-to-suggest-a-board-name-once,,https://www.beacleaner.com/how-to-clean-lv-leather?utm_source=pinterest&utm_campaign=title,2025-05-24,Description,Keywords
Title,https://res.cloudinary.com/dbcpfy04c/image/upload/v1748060903/pin_4_1_bvbnqu.webp,please-provide-the-title-and-keywords-i-need-that-information-to-suggest-a-board-name-once,,https://www.beacleaner.com/how-to-clean-lynx-grill-briquettes?utm_source=pinterest&utm_campaign=title,2025-05-24,Description,Keywords
Sparkling Lynx Grill: Briquette Cleaning Guide,https://res.cloudinary.com/dbcpfy04c/image/upload/v1748060909/pin_4_2_rdbxqk.webp,grill-tips,,https://www.beacleaner.com/how-to-clean-lynx-grill-briquettes?utm_source=pinterest&utm_campaign=sparkling-lynx-grill,2025-05-24,"Is your Lynx grill losing its sizzle? Don't replace expensive briquettes ‚Äì revive them! This guide shows you how to deep clean your Lynx grill briquettes for maximum flavor and performance. We'll walk you through a simple, effective process, saving you money and ensuring perfectly grilled meals every time. Imagine juicy steaks and perfectly charred veggies, all thanks to clean briquettes! Learn the best tools, cleaning solutions, and preventative measures to keep your grill in top shape. Click to learn more and grill like a pro!","Lynx Grill,Briquette Cleaning,Grill Maintenance,Outdoor Cooking"
Revive Your Grill Flavor: Lynx Briquette Cleaning,https://res.cloudinary.com/dbcpfy04c/image/upload/v1748060915/pin_4_3_jhgplx.webp,grill-tips,,https://www.beacleaner.com/how-to-clean-lynx-grill-briquettes?utm_source=pinterest&utm_campaign=revive-your-grill-fl,2025-05-24,Don't let dirty Lynx grill briquettes ruin your next BBQ! Grease and food buildup can impact flavor and even create unsafe flare-ups. This post provides a step-by-step guide to restoring your briquettes to their former glory. We'll cover everything from initial scraping to a deep cleaning soak.  Enjoy the taste of perfectly grilled food again ‚Äì it's easier than you think!  Click to read now and become a grill master.,"Grill Cleaning,Lynx,Briquettes,BBQ Tips"
Lynx Grill Briquette Cleaning: A Step-by-Step Guide,https://res.cloudinary.com/dbcpfy04c/image/upload/v1748060922/pin_4_4_uravub.webp,grill-cleaning-tips,,https://www.beacleaner.com/how-to-clean-lynx-grill-briquettes?utm_source=pinterest&utm_campaign=lynx-grill-briquette,2025-05-24,"Worried about the hassle of cleaning your Lynx grill briquettes?  We've broken it down into easy-to-follow steps! This guide takes the stress out of grill maintenance, ensuring a safe and delicious grilling experience.  Learn how to remove stubborn grime and prevent future buildup.  Don't settle for less than the best ‚Äì your food deserves it! Click to read the full guide and enjoy grilling season to the fullest.","Grill Guide,Lynx Grill,Cleaning Tips,Outdoor Kitchen"
"Save Money: Clean, Don't Replace Lynx Briquettes",https://res.cloudinary.com/dbcpfy04c/image/upload/v1748060930/pin_4_5_loskqh.webp,grill-tips,,https://www.beacleaner.com/how-to-clean-lynx-grill-briquettes?utm_source=pinterest&utm_campaign=save-money-clean-don,2025-05-24,"Why spend a fortune on new Lynx grill briquettes when you can easily clean the ones you have? This post reveals the secrets to extending the life of your briquettes, saving you money and reducing waste.  We'll show you how to identify when cleaning is needed and the best methods for a thorough clean.  Enjoy delicious grilled food without breaking the bank! Click to learn more.","Briquette Care,Lynx,Grill Savings,DIY Cleaning"
The Ultimate Lynx Grill Cleaning Checklist,https://res.cloudinary.com/dbcpfy04c/image/upload/v1748060936/pin_4_6_kallmd.webp,grilling-tips,,https://www.beacleaner.com/how-to-clean-lynx-grill-briquettes?utm_source=pinterest&utm_campaign=the-ultimate-lynx-gr,2025-05-24,Keep your Lynx grill performing at its peak with our ultimate cleaning checklist! This guide covers everything from briquette cleaning to burner maintenance.  We'll help you create a regular cleaning schedule to prevent buildup and ensure years of grilling enjoyment.  Don't let a dirty grill ruin your next cookout! Click to download the checklist and become a grill pro.,"Grill Checklist,Lynx Maintenance,Outdoor Grilling,Cleaning Schedule"
"Goodbye Grease, Hello Flavor: Lynx Briquette Clean",https://res.cloudinary.com/dbcpfy04c/image/upload/v1748060944/pin_4_7_raznci.webp,grilling-tips,,https://www.beacleaner.com/how-to-clean-lynx-grill-briquettes?utm_source=pinterest&utm_campaign=goodbye-grease-hello,2025-05-24,"Tired of greasy, smoky flavor from your Lynx grill? Dirty briquettes are the culprit! This post shows you how to eliminate grease and food buildup, restoring your grill to its flavorful best.  We'll share our favorite cleaning solutions and techniques for a sparkling clean grill.  Imagine the delicious meals you'll create! Click to read now.","Grill Flavor,Lynx,Briquette Cleaning,Grease Removal"
Extend the Life of Your Lynx Grill Briquettes,https://res.cloudinary.com/dbcpfy04c/image/upload/v1748060950/pin_4_8_hlfbay.webp,grill-tips,,https://www.beacleaner.com/how-to-clean-lynx-grill-briquettes?utm_source=pinterest&utm_campaign=extend-the-life-of-y,2025-05-24,"Want to get the most out of your Lynx grill briquettes? This guide provides expert tips on cleaning, maintenance, and storage.  We'll help you prevent premature wear and tear, saving you money and ensuring consistent grilling performance.  Don't let your briquettes go to waste! Click to learn more and grill with confidence.","Briquette Life,Lynx Grill,Grill Care,Maintenance Tips"
Deep Clean Your Lynx Grill: Briquette Edition,https://res.cloudinary.com/dbcpfy04c/image/upload/v1748060958/pin_4_9_pka5kz.webp,grill-cleaning-tips,,https://www.beacleaner.com/how-to-clean-lynx-grill-briquettes?utm_source=pinterest&utm_campaign=deep-clean-your-lynx,2025-05-24,"Give your Lynx grill the deep clean it deserves! This post focuses specifically on briquette cleaning, providing a comprehensive guide to removing stubborn grime and restoring flavor.  We'll cover everything from scraping to soaking to ensure a thorough clean.  Enjoy perfectly grilled food again! Click to read the full guide.","Deep Cleaning,Lynx,Briquettes,Grill Restoration"
Lynx Grill Briquettes: Cleaning for Better BBQ,https://res.cloudinary.com/dbcpfy04c/image/upload/v1748060963/pin_4_10_xs8ymb.webp,grill-cleaning-tips,,https://www.beacleaner.com/how-to-clean-lynx-grill-briquettes?utm_source=pinterest&utm_campaign=lynx-grill-briquette,2025-05-24,"Unlock the full potential of your Lynx grill with clean briquettes! This post explains how dirty briquettes can impact flavor and performance, and provides a simple solution.  We'll show you how to clean your briquettes quickly and easily, so you can get back to grilling.  Don't settle for mediocre BBQ! Click to learn more.","BBQ,Lynx Grill,Briquette Cleaning,Grill Performance"
Prevent Flare-Ups: Clean Lynx Grill Briquettes,https://res.cloudinary.com/dbcpfy04c/image/upload/v1748060970/pin_4_11_mxcdkc.webp,grill-tips,,https://www.beacleaner.com/how-to-clean-lynx-grill-briquettes?utm_source=pinterest&utm_campaign=prevent-flare-ups-cl,2025-05-24,Worried about dangerous flare-ups on your Lynx grill? Dirty briquettes are a major cause! This post shows you how to clean your briquettes to prevent grease buildup and ensure a safe grilling experience.  Protect your family and enjoy peace of mind. Click to read now and grill with confidence.,"Flare-Ups,Lynx,Grill Safety,Briquette Maintenance"
Easy Lynx Grill Briquette Cleaning Hacks,https://res.cloudinary.com/dbcpfy04c/image/upload/v1748060977/pin_4_12_y6pl3t.webp,grill-cleaning-tips,,https://www.beacleaner.com/how-to-clean-lynx-grill-briquettes?utm_source=pinterest&utm_campaign=easy-lynx-grill-briq,2025-05-24,Discover our favorite hacks for cleaning your Lynx grill briquettes quickly and efficiently! This post shares time-saving tips and tricks for a sparkling clean grill.  We'll show you how to use common household items to get the job done.  Don't spend hours scrubbing! Click to learn more.,"Grill Hacks,Lynx,Cleaning Tips,Easy Cleaning"
From Grimy to Gleaming: Lynx Briquette Transformation,https://res.cloudinary.com/dbcpfy04c/image/upload/v1748060984/pin_4_13_em6nub.webp,grill-cleaning-tips,,https://www.beacleaner.com/how-to-clean-lynx-grill-briquettes?utm_source=pinterest&utm_campaign=from-grimy-to-gleami,2025-05-24,Witness the amazing transformation of dirty Lynx grill briquettes! This post features before-and-after photos that will inspire you to tackle your own grill cleaning project.  We'll show you how to restore your briquettes to their former glory.  Click to see the incredible results!,"Before & After,Lynx Grill,Briquette Cleaning,Grill Transformation"
The Secret to Flavorful Grilling: Clean Lynx Briquettes,https://res.cloudinary.com/dbcpfy04c/image/upload/v1748060993/pin_4_14_nkox9d.webp,grilling-tips,,https://www.beacleaner.com/how-to-clean-lynx-grill-briquettes?utm_source=pinterest&utm_campaign=the-secret-to-flavor,2025-05-24,The secret to truly flavorful grilling? Clean Lynx grill briquettes! This post explains how dirty briquettes can mask the natural flavors of your food.  We'll show you how to clean your briquettes to unlock the full potential of your grill.  Click to learn more and taste the difference!,"Grill Flavor,Lynx,Briquette Cleaning,Food Taste"
Lynx Grill Briquette Cleaning: A Beginner's Guide,https://res.cloudinary.com/dbcpfy04c/image/upload/v1748061000/pin_4_15_kqcsvd.webp,grill-cleaning-tips,,https://www.beacleaner.com/how-to-clean-lynx-grill-briquettes?utm_source=pinterest&utm_campaign=lynx-grill-briquette,2025-05-24,"New to grill maintenance? This beginner-friendly guide will walk you through the process of cleaning your Lynx grill briquettes step-by-step.  We'll cover everything you need to know, from tools to techniques.  Don't be intimidated ‚Äì it's easier than you think! Click to read now.","Beginner's Guide,Lynx,Grill Cleaning,Briquette Care"
Don't Ruin Your Steak: Clean Lynx Grill First!,https://res.cloudinary.com/dbcpfy04c/image/upload/v1748061006/pin_4_16_zpepqb.webp,grilling-tips,,https://www.beacleaner.com/how-to-clean-lynx-grill-briquettes?utm_source=pinterest&utm_campaign=dont-ruin-your-steak,2025-05-24,Don't let a dirty Lynx grill ruin your perfectly cooked steak! Dirty briquettes can impart off-flavors and create uneven cooking.  This post shows you how to clean your briquettes to ensure a delicious and consistent grilling experience.  Click to learn more and protect your steak!,"Steak,Lynx Grill,Briquette Cleaning,Grill Flavor"
Lynx Grill Briquette Cleaning: FAQs Answered,https://res.cloudinary.com/dbcpfy04c/image/upload/v1748061012/pin_4_17_rwmomo.webp,grill-cleaning-tips,,https://www.beacleaner.com/how-to-clean-lynx-grill-briquettes?utm_source=pinterest&utm_campaign=lynx-grill-briquette,2025-05-24,"Have questions about cleaning your Lynx grill briquettes? This post answers frequently asked questions, providing clear and concise guidance.  We'll cover everything from cleaning solutions to preventative measures.  Get all your questions answered here! Click to read now.","FAQ,Lynx Grill,Briquette Cleaning,Grill Maintenance"
Grill Like a Pro: Lynx Briquette Cleaning Tips,https://res.cloudinary.com/dbcpfy04c/image/upload/v1748061020/pin_4_18_gkdqpu.webp,grilling-tips,,https://www.beacleaner.com/how-to-clean-lynx-grill-briquettes?utm_source=pinterest&utm_campaign=grill-like-a-pro-lyn,2025-05-24,Want to grill like a professional chef? Start with clean Lynx grill briquettes! This post shares expert tips and tricks for maintaining a sparkling clean grill.  We'll help you elevate your grilling game.  Click to learn more and impress your friends and family!,"Grill Pro,Lynx,Briquette Cleaning,Grilling Tips"
Lynx Grill Briquette Cleaning: Tools You Need,https://res.cloudinary.com/dbcpfy04c/image/upload/v1748061026/pin_4_19_ap3wh4.webp,grill-cleaning-tips,,https://www.beacleaner.com/how-to-clean-lynx-grill-briquettes?utm_source=pinterest&utm_campaign=lynx-grill-briquette,2025-05-24,Make Lynx grill briquette cleaning a breeze with the right tools! This post lists the essential tools you'll need for a thorough clean.  We'll also recommend some helpful accessories.  Get prepared and make grill cleaning easier! Click to see the list.,"Grill Tools,Lynx,Briquette Cleaning,Cleaning Supplies"
The Healthier Way to Grill: Clean Lynx Briquettes,https://res.cloudinary.com/dbcpfy04c/image/upload/v1748061033/pin_4_20_vfa5ov.webp,grilling-tips,,https://www.beacleaner.com/how-to-clean-lynx-grill-briquettes?utm_source=pinterest&utm_campaign=the-healthier-way-to,2025-05-24,Did you know that dirty Lynx grill briquettes can pose a health risk? Grease buildup can create harmful smoke and carcinogens.  This post shows you how to clean your briquettes to ensure a safe and healthy grilling experience.  Protect your family and grill with peace of mind! Click to learn more.,"Grill Health,Lynx,Briquette Cleaning,Safe Grilling"
Lynx Grill Briquette Cleaning: Time-Saving Guide,https://res.cloudinary.com/dbcpfy04c/image/upload/v1748061039/pin_4_21_apm4vw.webp,grill-cleaning-tips,,https://www.beacleaner.com/how-to-clean-lynx-grill-briquettes?utm_source=pinterest&utm_campaign=lynx-grill-briquette,2025-05-24,"Short on time? This guide provides a quick and efficient method for cleaning your Lynx grill briquettes.  We'll show you how to get the job done in minutes, so you can get back to grilling.  Don't let a dirty grill slow you down! Click to read now.","Time Saving,Lynx,Briquette Cleaning,Quick Cleaning"
Keep Your Lynx Grill Looking New: Briquette Care,https://res.cloudinary.com/dbcpfy04c/image/upload/v1748061045/pin_4_22_uiu4cm.webp,grill-care-tips,,https://www.beacleaner.com/how-to-clean-lynx-grill-briquettes?utm_source=pinterest&utm_campaign=keep-your-lynx-grill,2025-05-24,Protect your investment and keep your Lynx grill looking new with regular briquette cleaning! This post explains how to prevent buildup and maintain the appearance of your grill.  We'll help you extend the life of your grill and enjoy years of grilling enjoyment. Click to learn more.,"Grill Appearance,Lynx,Briquette Cleaning,Grill Care"
Lynx Grill Briquette Cleaning: Before & After Photos,https://res.cloudinary.com/dbcpfy04c/image/upload/v1748061052/pin_4_23_javzam.webp,grill-cleaning-tips,,https://www.beacleaner.com/how-to-clean-lynx-grill-briquettes?utm_source=pinterest&utm_campaign=lynx-grill-briquette,2025-05-24,See the dramatic difference that cleaning can make! This post features stunning before-and-after photos of Lynx grill briquettes.  Get inspired to tackle your own grill cleaning project.  Click to see the incredible transformation!,"Before & After,Lynx Grill,Briquette Cleaning,Visual Guide"
Grill Maintenance Made Easy: Lynx Briquette Cleaning,https://res.cloudinary.com/dbcpfy04c/image/upload/v1748061059/pin_4_24_owd5ya.webp,grill-tips,,https://www.beacleaner.com/how-to-clean-lynx-grill-briquettes?utm_source=pinterest&utm_campaign=grill-maintenance-ma,2025-05-24,"Grill maintenance doesn't have to be a chore! This post simplifies the process of cleaning your Lynx grill briquettes, making it easy and stress-free.  We'll provide clear instructions and helpful tips.  Click to learn more and enjoy a cleaner grill!","Grill Maintenance,Lynx,Briquette Cleaning,Easy Guide"
Don't Let a Dirty Grill Spoil Your Summer: Lynx Clean,https://res.cloudinary.com/dbcpfy04c/image/upload/v1748061065/pin_4_25_ix2okn.webp,grilling-tips,,https://www.beacleaner.com/how-to-clean-lynx-grill-briquettes?utm_source=pinterest&utm_campaign=dont-let-a-dirty-gri,2025-05-24,"Summer is grilling season! Don't let a dirty Lynx grill spoil your fun. This post shows you how to clean your briquettes quickly and easily, so you can enjoy delicious meals with family and friends. Click to read now and make the most of summer!","Summer Grilling,Lynx,Briquette Cleaning,Outdoor Fun"
Title,https://res.cloudinary.com/dbcpfy04c/image/upload/v1748061110/pin_5_1_gu3ihy.webp,please-provide-the-title-and-keywords-i-need-that-information-to-suggest-a-board-name-once,,https://www.beacleaner.com/how-to-clean-mackage-coat?utm_source=pinterest&utm_campaign=title,2025-05-24,Description,Keywords
Mackage Coat Cleaning: A Guide,https://res.cloudinary.com/dbcpfy04c/image/upload/v1748061119/pin_5_2_x0cwzr.webp,coat-care-tips,,https://www.beacleaner.com/how-to-clean-mackage-coat?utm_source=pinterest&utm_campaign=mackage-coat-cleanin,2025-05-24,"Is your beloved Mackage coat looking dull or dirty? Don't let a little grime ruin a luxury investment! This guide walks you through everything you need to know to safely and effectively clean your Mackage coat at home, saving you money on expensive dry cleaning. Learn how to tackle everything from minor spills to full-season refreshers. We cover leather, down, and shell materials. Keep your coat looking brand new for years to come! Click to learn the secrets to a pristine Mackage.","Mackage coat, coat cleaning, leather care, down coat"
Save Your Mackage: Cleaning Tips!,https://res.cloudinary.com/dbcpfy04c/image/upload/v1748061125/pin_5_3_phbgwb.webp,coat-care-tips,,https://www.beacleaner.com/how-to-clean-mackage-coat?utm_source=pinterest&utm_campaign=save-your-mackage-cl,2025-05-24,"Worried about damaging your expensive Mackage coat? You're not alone! This post breaks down the cleaning process into simple, manageable steps. We'll show you how to identify your coat's material and choose the right cleaning method.  Avoid common mistakes that can ruin the finish or insulation.  Protect your investment and enjoy a beautifully clean coat all season long. Don't risk it ‚Äì learn the right way to clean!","Coat care, Mackage, cleaning guide, winter coat"
Leather Mackage Coat: Cleaning Secrets,https://res.cloudinary.com/dbcpfy04c/image/upload/v1748061131/pin_5_4_sxa7fc.webp,coat-care-tips,,https://www.beacleaner.com/how-to-clean-mackage-coat?utm_source=pinterest&utm_campaign=leather-mackage-coat,2025-05-24,Leather Mackage coats require special care! This guide provides a detailed walkthrough on how to clean and condition your leather coat to keep it supple and looking its best.  We'll cover everything from removing salt stains to preventing cracking.  Don't let your beautiful leather coat lose its luster.  Follow these simple steps for a luxurious finish that lasts. Click to learn more and keep your coat gorgeous!,"Leather coat, Mackage leather, leather cleaner, coat maintenance"
Down-Filled Mackage: Fluff & Clean!,https://res.cloudinary.com/dbcpfy04c/image/upload/v1748061141/pin_5_5_l6qjnu.webp,coat-care-tips,,https://www.beacleaner.com/how-to-clean-mackage-coat?utm_source=pinterest&utm_campaign=down-filled-mackage-,2025-05-24,"Is your Mackage down coat losing its fluff? Learn how to properly clean and restore its loft! This guide covers everything from spot cleaning to machine washing (yes, really!).  We'll show you how to avoid clumping and ensure your coat stays warm and cozy all winter long.  Don't settle for a flat, lifeless coat ‚Äì revive it with our expert tips!","Down coat, Mackage down, coat washing, fluff coat"
Spot Cleaning Your Mackage Coat,https://res.cloudinary.com/dbcpfy04c/image/upload/v1748061147/pin_5_6_v0afab.webp,coat-care-tips,,https://www.beacleaner.com/how-to-clean-mackage-coat?utm_source=pinterest&utm_campaign=spot-cleaning-your-m,2025-05-24,Spilled something on your Mackage? Act fast! This guide shows you how to effectively spot clean your coat without causing damage.  We'll cover different types of stains and the best cleaning solutions to use.  Quick action can prevent a small spill from becoming a permanent problem.  Don't panic ‚Äì we've got you covered! Click to learn the best spot cleaning techniques.,"Spot cleaning, Mackage, stain removal, coat care"
Mackage Coat Care: Preventative Steps,https://res.cloudinary.com/dbcpfy04c/image/upload/v1748061154/pin_5_7_vsdwkp.webp,coat-care-tips,,https://www.beacleaner.com/how-to-clean-mackage-coat?utm_source=pinterest&utm_campaign=mackage-coat-care-pr,2025-05-24,"Don't wait for your Mackage coat to get dirty! This guide focuses on preventative care to keep it looking its best.  Learn how to protect it from rain, snow, and everyday wear and tear.  Simple steps like regular brushing and proper storage can significantly extend the life of your coat.  Invest in preventative care and enjoy a beautiful coat for years to come!","Coat protection, Mackage care, preventative care, winter fashion"
DIY Mackage Coat Cleaning: Save Money!,https://res.cloudinary.com/dbcpfy04c/image/upload/v1748061160/pin_5_8_ea9fel.webp,coat-care-tips,,https://www.beacleaner.com/how-to-clean-mackage-coat?utm_source=pinterest&utm_campaign=diy-mackage-coat-cle,2025-05-24,"Skip the expensive dry cleaning bill! This guide shows you how to effectively clean your Mackage coat at home with readily available supplies.  We'll walk you through each step, ensuring a safe and thorough clean.  Save money and keep your coat looking fabulous.  It's easier than you think! Click to learn how to DIY your coat cleaning.","DIY cleaning, Mackage, coat cleaning, save money"
Mackage Coat: Before & After Cleaning,https://res.cloudinary.com/dbcpfy04c/image/upload/v1748061167/pin_5_9_hljekv.webp,coat-care-tips,,https://www.beacleaner.com/how-to-clean-mackage-coat?utm_source=pinterest&utm_campaign=mackage-coat-before-,2025-05-24,See the amazing results! This pin showcases a before-and-after transformation of a dirty Mackage coat.  It's proof that you can restore your coat's original beauty with the right cleaning techniques.  Don't give up on your coat ‚Äì we'll show you how to bring it back to life! Click to see the incredible transformation.,"Before and after, Mackage, coat cleaning, cleaning results"
The Ultimate Mackage Cleaning Checklist,https://res.cloudinary.com/dbcpfy04c/image/upload/v1748061174/pin_5_10_z4dno4.webp,coat-care-tips,,https://www.beacleaner.com/how-to-clean-mackage-coat?utm_source=pinterest&utm_campaign=the-ultimate-mackage,2025-05-24,"Don't miss a step! This pin provides a handy checklist for cleaning your Mackage coat.  From identifying the material to choosing the right cleaning solution, we've got you covered.  Follow this checklist for a thorough and effective clean.  Print it out and keep it handy for easy reference!","Cleaning checklist, Mackage, coat care, cleaning guide"
Is Dry Cleaning Ruining Your Mackage?,https://res.cloudinary.com/dbcpfy04c/image/upload/v1748061180/pin_5_11_vkssuh.webp,coat-care-tips,,https://www.beacleaner.com/how-to-clean-mackage-coat?utm_source=pinterest&utm_campaign=is-dry-cleaning-ruin,2025-05-24,Dry cleaning can be harsh on your Mackage coat! This post explores the pros and cons of dry cleaning and offers effective at-home alternatives.  Learn how to protect the delicate materials and maintain the coat's quality.  Discover a gentler way to keep your coat clean and looking its best.,"Dry cleaning, Mackage, coat care, at home cleaning"
Mackage Coat Storage: Protect Your Investment,https://res.cloudinary.com/dbcpfy04c/image/upload/v1748061187/pin_5_12_fmeof8.webp,coat-care-tips,,https://www.beacleaner.com/how-to-clean-mackage-coat?utm_source=pinterest&utm_campaign=mackage-coat-storage,2025-05-24,"Proper storage is key to preserving your Mackage coat! This guide provides tips on how to store your coat during the off-season to prevent damage and maintain its shape.  Learn about the best hangers, storage bags, and environmental conditions.  Protect your investment and ensure your coat is ready to wear when winter arrives!","Coat storage, Mackage, winter coat, garment care"
Salt Stain Removal: Mackage Coat Rescue,https://res.cloudinary.com/dbcpfy04c/image/upload/v1748061194/pin_5_13_aizbmv.webp,coat-care-tips,,https://www.beacleaner.com/how-to-clean-mackage-coat?utm_source=pinterest&utm_campaign=salt-stain-removal-m,2025-05-24,Salt stains ruining your Mackage coat? Don't despair! This guide provides a step-by-step solution for removing salt stains and restoring your coat's appearance.  We'll show you the best cleaning solutions and techniques to use.  Say goodbye to unsightly salt stains and hello to a pristine coat!,"Salt stains, Mackage, coat cleaning, winter care"
Mackage Coat: Cleaning for Different Materials,https://res.cloudinary.com/dbcpfy04c/image/upload/v1748061200/pin_5_14_ndavja.webp,coat-care-tips,,https://www.beacleaner.com/how-to-clean-mackage-coat?utm_source=pinterest&utm_campaign=mackage-coat-cleanin,2025-05-24,"Not all Mackage coats are created equal! This guide breaks down cleaning methods based on the coat's material ‚Äì leather, down, shell, and more.  Ensure you're using the right techniques to avoid damage and achieve the best results.  Find the perfect cleaning solution for your specific Mackage coat.","Coat materials, Mackage, cleaning guide, fabric care"
Extend the Life of Your Mackage Coat,https://res.cloudinary.com/dbcpfy04c/image/upload/v1748061205/pin_5_15_yquzto.webp,grill-tips,,https://www.beacleaner.com/how-to-clean-mackage-coat?utm_source=pinterest&utm_campaign=extend-the-life-of-y,2025-05-24,"Want your Mackage coat to last for years? This guide provides essential tips on how to extend its lifespan through proper cleaning, storage, and maintenance.  Invest in a little care and enjoy a beautiful coat for seasons to come.  Don't replace it ‚Äì restore it!","Coat longevity, Mackage, coat care, maintenance tips"
Mackage Coat: The Ultimate Cleaning FAQ,https://res.cloudinary.com/dbcpfy04c/image/upload/v1748061212/pin_5_16_wc66cl.webp,coat-care-tips,,https://www.beacleaner.com/how-to-clean-mackage-coat?utm_source=pinterest&utm_campaign=mackage-coat-the-ult,2025-05-24,"Got questions about cleaning your Mackage coat? This pin links to a comprehensive FAQ section that answers all your burning questions.  From stain removal to washing instructions, we've got the answers you need.  Get the information you need to confidently clean your coat.","FAQ, Mackage, coat cleaning, cleaning questions"
The Best Cleaning Products for Mackage Coats,https://res.cloudinary.com/dbcpfy04c/image/upload/v1748061218/pin_5_17_l7mqn2.webp,coat-care-tips,,https://www.beacleaner.com/how-to-clean-mackage-coat?utm_source=pinterest&utm_campaign=the-best-cleaning-pr,2025-05-24,Choosing the right cleaning products is crucial! This guide recommends the best cleaning solutions for different Mackage coat materials.  Avoid harsh chemicals that can damage the fabric or finish.  Invest in quality products for a safe and effective clean.,"Cleaning products, Mackage, coat care, product recommendations"
Mackage Coat: Cleaning Mistakes to Avoid,https://res.cloudinary.com/dbcpfy04c/image/upload/v1748061224/pin_5_18_eliddb.webp,coat-care-tips,,https://www.beacleaner.com/how-to-clean-mackage-coat?utm_source=pinterest&utm_campaign=mackage-coat-cleanin,2025-05-24,"Don't ruin your Mackage coat with these common cleaning mistakes! This guide highlights the pitfalls to avoid, ensuring a safe and effective clean.  Learn from our mistakes and protect your investment.  Avoid these errors and keep your coat looking its best.","Cleaning mistakes, Mackage, coat care, avoid damage"
Refresh Your Mackage Coat Between Cleanings,https://res.cloudinary.com/dbcpfy04c/image/upload/v1748061230/pin_5_19_pxo2p4.webp,coat-care-tips,,https://www.beacleaner.com/how-to-clean-mackage-coat?utm_source=pinterest&utm_campaign=refresh-your-mackage,2025-05-24,"Keep your Mackage coat looking fresh between deep cleans! This guide provides quick and easy tips for maintaining its appearance.  Learn how to remove dust, freshen the fabric, and prevent odors.  Simple steps can make a big difference!","Coat refresh, Mackage, quick cleaning, maintenance"
Mackage Coat: Cleaning for City Living,https://res.cloudinary.com/dbcpfy04c/image/upload/v1748061238/pin_5_20_m0omkf.webp,coat-care-tips,,https://www.beacleaner.com/how-to-clean-mackage-coat?utm_source=pinterest&utm_campaign=mackage-coat-cleanin,2025-05-24,"City life can be tough on your coat! This guide provides specific cleaning tips for Mackage coats exposed to pollution, grime, and harsh weather conditions.  Protect your coat from the elements and keep it looking its best.","City coat, Mackage, pollution, urban cleaning"
Downproof Your Mackage: Cleaning Guide,https://res.cloudinary.com/dbcpfy04c/image/upload/v1748061247/pin_5_21_v6wpia.webp,coat-care-tips,,https://www.beacleaner.com/how-to-clean-mackage-coat?utm_source=pinterest&utm_campaign=downproof-your-macka,2025-05-24,"Worried about ruining the down in your Mackage coat? This guide provides a detailed walkthrough on how to clean and maintain down-filled coats.  Keep your coat warm, fluffy, and comfortable for years to come.","Downproof, Mackage, down coat, cleaning guide"
From Dirty to Dazzling: Mackage Transformation,https://res.cloudinary.com/dbcpfy04c/image/upload/v1748061253/pin_5_22_t9vepy.webp,coat-care-tips,,https://www.beacleaner.com/how-to-clean-mackage-coat?utm_source=pinterest&utm_campaign=from-dirty-to-dazzli,2025-05-24,Witness a stunning transformation! This pin showcases a before-and-after of a heavily soiled Mackage coat restored to its former glory.  It's proof that even the dirtiest coats can be saved.,"Coat transformation, Mackage, cleaning results, before and after"
Mackage Coat: Cleaning on a Budget,https://res.cloudinary.com/dbcpfy04c/image/upload/v1748061259/pin_5_23_mdlxal.webp,coat-care-tips,,https://www.beacleaner.com/how-to-clean-mackage-coat?utm_source=pinterest&utm_campaign=mackage-coat-cleanin,2025-05-24,"Luxury coat, budget-friendly cleaning! This guide shows you how to clean your Mackage coat effectively without breaking the bank.  Save money on dry cleaning and enjoy a beautifully clean coat.","Budget cleaning, Mackage, save money, coat care"
The Secret to a Long-Lasting Mackage Coat,https://res.cloudinary.com/dbcpfy04c/image/upload/v1748061265/pin_5_24_u8q9fs.webp,coat-care-tips,,https://www.beacleaner.com/how-to-clean-mackage-coat?utm_source=pinterest&utm_campaign=the-secret-to-a-long,2025-05-24,"Unlock the secrets to a coat that lasts! This guide combines cleaning, storage, and maintenance tips to ensure your Mackage coat remains a wardrobe staple for years to come.","Long lasting coat, Mackage, coat care, maintenance"
Mackage Coat: Quick Cleaning Hacks,https://res.cloudinary.com/dbcpfy04c/image/upload/v1748061273/pin_5_25_lbmamf.webp,coat-care-tips,,https://www.beacleaner.com/how-to-clean-mackage-coat?utm_source=pinterest&utm_campaign=mackage-coat-quick-c,2025-05-24,Short on time? These quick cleaning hacks will help you keep your Mackage coat looking its best with minimal effort. Perfect for busy lifestyles!,"Quick cleaning, Mackage, coat hacks, time saving"
Protect Your Mackage: Water Repellent Guide,https://res.cloudinary.com/dbcpfy04c/image/upload/v1748061279/pin_5_26_mozxfy.webp,coat-care-tips,,https://www.beacleaner.com/how-to-clean-mackage-coat?utm_source=pinterest&utm_campaign=protect-your-mackage,2025-05-24,Keep your Mackage coat dry and protected! This guide explains how to apply and maintain water repellent treatments to keep your coat looking and performing its best.,"Water repellent, Mackage, coat protection, water proof"
